{"schemaVersion":"1.0","appDefinitionTemplate":{"id":"/providers/Microsoft.PowerApps/apps/","type":"Microsoft.PowerApps/apps","tags":{"primaryDeviceWidth":"1136","primaryDeviceHeight":"640","supportsPortrait":"false","supportsLandscape":"true","primaryFormFactor":"Phone","publisherVersion":"3.24022.13","minimumRequiredApiVersion":"2.2.0","hasComponent":"true","hasUnlockedComponent":"true","isUnifiedRootApp":"false","sienaVersion":"20240228T144740Z-3.24022.13.0","showStatusBar":"false","offlineLargeFilesSupport":"false"},"properties":{"appVersion":"2024-02-28T14:47:40Z","lifeCycleId":"Published","createdByClientVersion":{"major":3,"minor":24022,"build":13,"revision":0,"majorRevision":0,"minorRevision":0},"minClientVersion":{"major":3,"minor":24022,"build":13,"revision":0,"majorRevision":0,"minorRevision":0},"backgroundColor":"RGBA(0,176,240,1)","backgroundImageUri":"/452884366144250588/Nd3ddd512-0a68-4ab3-bffb-9bc561c203c4-logoSmallFile","displayName":"Booking Coworking Space","description":"Atualização Sidemenu , remoção de mapa .","commitMessage":"","appUris":{"documentUri":{"value":"/452884366144250588/Na5b34807-8fc9-4752-b371-473b08bb5765-document.msapp"},"imageUris":[],"additionalUris":[{"isSolutionAware":false,"value":"/452884366144250588/Nda5860a0-fcc1-4fdb-a6f9-3005c8ccb8b4-identity.json"}]},"createdTime":"0001-01-01T00:00:00Z","lastModifiedTime":"0001-01-01T00:00:00Z","sharedGroupsCount":0,"sharedUsersCount":0,"connectionReferences":{"427501e4-bdab-4159-b124-ceac6b5cf42c":{"id":"573f7731-fac3-4f87-90ee-eecf45b82481","displayName":"SharePoint","iconUri":"https://connectoricons-prod.azureedge.net/releases/v1.0.1676/1.0.1676.3617/sharepointonline/icon.png","dataSources":["BCS - OfficeInfo","Primespace","StepPTBRA","Manager"],"dependencies":[],"dependents":[],"parameterHints":{},"parameterHintsV2":{},"isOnPremiseConnection":false,"bypassConsent":false,"dataSets":{"https://primetals.sharepoint.com/sites/PTBRA_IDT":{"dataSources":{"BCS - OfficeInfo":{"tableName":"7891db77-cd0d-4881-905d-3a4c91eaf108"},"Primespace":{"tableName":"20c6a942-3f39-44a8-862f-1d11d210a2ea"},"StepPTBRA":{"tableName":"f90d03af-a1d5-40cd-afc7-dce8e92db899"},"Manager":{"tableName":"bbfdef84-dd0b-45d4-987c-e64912d4b3f9"}}}},"apiTier":"Standard","isCustomApiConnection":false,"actions":["providers/PowerPlatform.Governance/Operations/Read","providers/PowerPlatform.Governance/Operations/Write","providers/PowerPlatform.Governance/Operations/Delete"]},"3a5c8bab-3e37-4545-b272-2e1a7b992259":{"id":"3d6e5494-b3ce-4293-81b6-58e8c53cbc48","displayName":"Usuários do Office 365","iconUri":"https://connectoricons-prod.azureedge.net/releases/v1.0.1672/1.0.1672.3545/office365users/icon.png","dataSources":["UsuáriosdoOffice365"],"dependencies":[],"dependents":[],"parameterHints":{},"parameterHintsV2":{},"isOnPremiseConnection":false,"bypassConsent":false,"dataSets":{},"apiTier":"Standard","isCustomApiConnection":false,"actions":["ManagerV2","UserProfile","UserPhoto","Manager"]}},"databaseReferences":{},"almMode":"Environment","performanceOptimizationEnabled":true,"canConsumeAppPass":true,"enableModernRuntimeMode":false,"executionRestrictions":{"isTeamsOnly":false,"dataLossPreventionEvaluationResult":{"status":"Compliant","lastEvaluationDate":"2023-03-23T16:33:20.3245028Z","violations":[],"violationsByPolicy":[],"violationErrorMessage":"O aplicativo usa os seguintes conectores: ."}}},"appType":"ClassicCanvasApp","appComponents":[]}}